dcas_ipis_uid,field,old_value,new_value,editor,date,notes
215097a3df56ecc0ac0b11f65399088c,AGREEMENT,S,,Molly,2021/3/19,Correction applied to November 2020 version.
2701b91d2d543cce93033477be6c5f29,AGREEMENT,L,,Molly,2021/3/19,Correction applied to November 2020 version.
2b37ad6f618ca1918891ae2042bbcd9c,AGREEMENT,S,,Molly,2021/3/19,Correction applied to November 2020 version.
b97792a0f9464eae3af47e7d35b3c7e4,AGREEMENT,S,,Molly,2021/3/19,Correction applied to November 2020 version.
fb9abc79355e0c1de3df86601c62a221,AGREEMENT,S,,Molly,2021/3/19,Correction applied to November 2020 version.
c5033a240ccb21fc0777494fc57f583c,PARCELNAME,1680 LEXINGTON AVENUE - FMR PS 107,1680 LEXINGTON AVENUE - FORMER PS 107,Lynn,2021/6/2,
7b0ab738ebfd8f42a84fa1fe85f8b3d0,PARCELNAME,1ST PRECINCT POL STATION,NYPD 1ST PRECINCT STATION HOUSE,Lynn,2021/6/2,
6162a225e421528878acc58be5e19d09,PARCELNAME,34TH PRECINCT STATION HOUSE,NYPD 34TH PRECINCT STATION HOUSE,Lynn,2021/6/2,
256727e61f2ff631c7f20540f11e9bfc,PARCELNAME,66TH POLICE PRECINCT STATION HOUSE,NYPD 66TH PRECINCT STATION HOUSE,Lynn,2021/6/2,
58c88b820fac07e26bea4bd1afa776c0,PARCELNAME,6TH ST AND AVENUE B COMM GARDEN,6TH ST AND AVENUE B COMMUNITY GARDEN,Lynn,2021/6/2,
2be5f1a4ba4aaa23eb11d55cd9f46f30,PARCELNAME,6TH ST AND AVENUE B COMM GARDEN,6TH ST AND AVENUE B COMMUNITY GARDEN,Lynn,2021/6/2,
cbeca7ccc018c578bf965c8f4714bd4b,PARCELNAME,6TH ST AND AVENUE B COMM GARDEN,6TH ST AND AVENUE B COMMUNITY GARDEN,Lynn,2021/6/2,
11a8cd0e2c2d9e81c4bb6862d932e7fa,PARCELNAME,6TH ST AND AVENUE B COMM GARDEN,6TH ST AND AVENUE B COMMUNITY GARDEN,Lynn,2021/6/2,
5cf6c4cbddcf1bfd287381425fa66775,PARCELNAME,6TH ST AND AVENUE B COMM GARDEN,6TH ST AND AVENUE B COMMUNITY GARDEN,Lynn,2021/6/2,
5fb12cfcddcd3fc5ebb24c4df4774025,PARCELNAME,6TH ST AND AVENUE B COMM GARDEN,6TH ST AND AVENUE B COMMUNITY GARDEN,Lynn,2021/6/2,
35136a5abed084bba47be7f737204b23,PARCELNAME,8TH AVENUE WASH HEIGHTS LINE,8TH AVENUE WASHINGTON HEIGHTS LINE,Lynn,2021/6/2,
1ce5ac9b7ca609f5c817f7510c597304,PARCELNAME,ABRAHAM LINCOLN HS AND ATHLETIC,ABRAHAM LINCOLN HS AND ATHLETIC FIELD,Lynn,2021/6/2,
43a9ccd5291f941034ed280465963e44,PARCELNAME,ACCESS-JEROME PARK BLOWOFF CHMBR,ACCESS-JEROME PARK BLOWOFF CHAMBER,Lynn,2021/6/2,
a8b45843fe1e550d5d02d9e98aca51b5,PARCELNAME,ANDREW JACKSON HOUSES AND SEN CTR,ANDREW JACKSON HOUSES AND SENIOR CENTER,Lynn,2021/6/2,
8122c9b1a44277b29599af5f35ae19db,PARCELNAME,ANIBAL ARILES PLAYGROUND AND JHS 54,ANIBAL AVILES PLAYGROUND AND JHS 54,Lynn,2021/6/2,
878bbf6f8883b61b795685809f6f9840,PARCELNAME,ANIBAL ARILES PLAYGROUND AND JHS 54,ANIBAL AVILES PLAYGROUND AND JHS 54,Lynn,2021/6/2,
14ae8b4e1b1f6d29c437f9ff3615f865,PARCELNAME,ARROW COMM GARDEN AND PLAYGROUND,ARROW COMMUNITY GARDEN AND PLAYGROUND,Lynn,2021/6/2,
8c45fd07cf26349247fa0500a2f0cccd,PARCELNAME,ASSER LEVY PARK. AND  AQUARIUM,ASSER LEVY PARK AND AQUARIUM,Lynn,2021/6/2,
92154dde55fdec4c59bce7f3c7aa8f7e,PARCELNAME,ASSER LEVY PARK. AND  AQUARIUM,ASSER LEVY PARK AND AQUARIUM,Lynn,2021/6/2,
67cab61d568feaea0aaca5dd5feccf53,PARCELNAME,ASSER LEVY RECREATION CTR AND PARK,ASSER LEVY RECREATION CENTER AND PARK,Lynn,2021/6/2,
8074e16fa0d8ee67e4c5ab6da0bab69c,PARCELNAME,ASTORIA HTS REC PARK AND JHS10 PLAYGROUND,ASTORIA HEIGHTS REC PARK AND JHS 10 PLAYGROUND,Lynn,2021/6/2,
80ffc56a4851a559b60f61b90882bddc,PARCELNAME,ASTORIA HTS REC PARK AND JHS10 PLAYGROUND,ASTORIA HEIGHTS REC PARK AND JHS 10 PLAYGROUND,Lynn,2021/6/2,
ce9f97ad18a5937e82f085b33bee5f6f,PARCELNAME,B. BUTLER HOUSES/WM HODSON SC,B. BUTLER HOUSES/WM HODSON SENIOR CENTER,Lynn,2021/6/2,
36e5b312810d65ddf8ea96cfab4f39ee,PARCELNAME,BENJAMIN N. CARDOZA HS AND AF,BENJAMIN N. CARDOZA HS AND ATHLETIC FIELD,Lynn,2021/6/2,
9f096b2b579bab4ae2651df8560b6298,PARCELNAME,BERGEN ST DEPOT AND SHOPS,BERGEN STREET DEPOT AND SHOPS,Lynn,2021/6/2,
987690b2b378496c64b9696d6681bfc0,PARCELNAME,BERNARD DOWNING PLAYGROUND LUTHER GU,BERNARD DOWNING/LUTHER GULICK PLAYGROUND,Lynn,2021/6/2,
40bec348c9dd5af4158747cd6dfc8a5d,PARCELNAME,BET. E 37TH AND E 38TH STS,BETWEEN E 37TH AND E 38TH STREETS,Lynn,2021/6/2,
99c7d36d92b759cd1df18a31dc177033,PARCELNAME,BET. E 37TH AND E 38TH STS,BETWEEN E 37TH AND E 38TH STREETS,Lynn,2021/6/2,
61d5431c17f71c578fd3c5e5088aaa0e,PARCELNAME,BMT ELEVATED STATION AND ROW/,BMT ELEVATED STATION AND RIGHT OF WAY,Lynn,2021/6/2,
8aa10f9f2e1332883a1a289f9cdc9c7d,PARCELNAME,BMT NEWKIRK PLAZA STATION R.O.W,BMT NEWKIRK PLAZA STATION RIGHT OF WAY,Lynn,2021/6/2,
bd2d75283067cf5873a2903c368cadfa,PARCELNAME,BMT ROW AND LIRR BAYRIDGE ROW,BMT ROW AND LIRR BAYRIDGE RIGHT OF WAY,Lynn,2021/6/2,
7a5e87cf51ae2fd78f0a757b5fca13c4,PARCELNAME,BMT SEA BEACH LINE STATION R.O.W,BMT SEA BEACH LINE STATION RIGHT OF WAY,Lynn,2021/6/2,
a421a4057116cdd5591090095226eadf,PARCELNAME,BORDEN AVENUE BR. STRUCTURE,BORDEN AVENUE BRIDGE STRUCTURE,Lynn,2021/6/2,
c2a9b2e20c1fc4265ecd91ae8ea5832b,PARCELNAME,BRONX RIVER HOUSES/NEIGHBORHD SC,BRONX RIVER HOUSES/NEIGHBORHOOD SENIOR CENTER,Lynn,2021/6/2,
7612eae800bac564f112d5fd4c223ede,PARCELNAME,BRONX SCHOOL FOR LAW GOVT AND JUSTI,"BRONX SCHOOL FOR LAW, GOVERNMENT AND JUSTICE",Lynn,2021/6/2,
264ad0a2abcd30fa210bdc44f2a9abf1,PARCELNAME,BROOKLYN BRIDGE APP/VAULTED SPACE,BROOKLYN BRIDGE APPROACH/VAULTED SPACE,Lynn,2021/6/2,
8e4f0d2e12843ef63eb1ade6c2085e35,PARCELNAME,BROOKLYN EAST PROPERTY PRPTY MGMT,BROOKLYN EAST PROPERTY MANAGEMENT,Lynn,2021/6/2,
06a7b62cb65f964441389b0901dfa6e6,PARCELNAME,BROOKLYN FLD OFF/SVU CHILD ABUSE SQD,BROOKLYN FIELD OFFICE/SVU CHILD ABUSE SQUAD,Lynn,2021/6/2,
c7957890ff7ce7e46043014e66e4ed12,PARCELNAME,BROOKLYN FLD OFF/SVU CHILD ABUSE SQD,BROOKLYN FIELD OFFICE/SVU CHILD ABUSE SQUAD,Lynn,2021/6/2,
377022a47dc52b7d70825552cbc5a51c,PARCELNAME,BUSHWICK 2.(GROUPS..B. AND .D),BUSHWICK 2 (GROUPS B AND D),Lynn,2021/6/2,
20b2d210c6ab6d802f5eea44dfeacead,PARCELNAME,BUSHWICK HS AND PLAYGROUND(JOP),BUSHWICK HS AND PLAYGROUND (JOP),Lynn,2021/6/2,
ba9a32cd7cf2ee67f9325a9e80799664,PARCELNAME,BUSHWICK HS AND PLAYGROUND(JOP),BUSHWICK HS AND PLAYGROUND (JOP),Lynn,2021/6/2,
44b439ccf6255d2b9c4ec736ded875ce,PARCELNAME,BUSHWICK.2 (GROUPS B AND D),BUSHWICK 2 (GROUPS B AND D),Lynn,2021/6/2,
e45078eab744510265bade10ab145dee,PARCELNAME,BWSO BROOKLYN SOUTH WTR/SWR REPAIR,BWSO BROOKLYN SOUTH WATER/SEWER REPAIR,Lynn,2021/6/2,
2240b5ef8ba4480d7fed39a43d10d0e0,PARCELNAME,BWSO BROOKLYN WATER/SEWER MAINT YARD,BWSO BROOKLYN WATER/SEWER MAINTENANCE YARD,Lynn,2021/6/2,
ec1dd948ba4c90a108914892ee970d31,PARCELNAME,BWSO QUEENS WTR/SWR REPAIR YARD,BWSO QUEENS WATER/SEWER REPAIR YARD,Lynn,2021/6/2,
22c6b7a71a0b821081d58193b65c549e,PARCELNAME,BWSO STATEN ISLAND REPAIR YD/BLUBLT OFC,BWSO STATEN ISLAND REPAIR YARD/BLUE BELT OFFICE,Lynn,2021/6/2,
8cb6644d3fcd652f37c8097dc6af642f,PARCELNAME,BWSO WATER SEWER AND REPAIR FAC,BWSO WATER SEWER AND REPAIR FACILITY,Lynn,2021/6/2,
46a0ab0612e938569345ff1f388f5e95,PARCELNAME,C. DREW ELC 3 AND T. JACKSON SC,C. DREW ELC 3 AND T. JACKSON SENIOR CENTER,Lynn,2021/6/2,
bfb2569700228ca84f56dcf096900093,PARCELNAME,C. DREW ELC 3 AND T. JACKSON SC,C. DREW ELC 3 AND T. JACKSON SENIOR CENTER,Lynn,2021/6/2,
ffa6576be4720b016d93443db0c90018,PARCELNAME,C.A.B. E. ROB MOORE HOUSES AND SC,C.A.B. E. ROB MOORE HOUSES AND SENIOR CENTER,Lynn,2021/6/2,
1d847f068999207d2637cba7bfc60f37,PARCELNAME,CASSIDY-LAFAYTE HOUSES AND  COLES SC,CASSIDY-LAFAYTE HOUSES AND  COLES SENIOR CENTER,Lynn,2021/6/2,
04fd6eefa294270888e128e6117310a8,PARCELNAME,CHINATOWN PC DCC AND  OPEN DOOR SR,CHINATOWN PC DCC AND  OPEN DOOR SENIOR CENTER,Lynn,2021/6/2,
583d2e991a0e718fa1e5d91d6ca3104d,PARCELNAME,CHINATOWN PC DCC AND  OPEN DOOR SR,CHINATOWN PC DCC AND  OPEN DOOR SENIOR CENTER,Lynn,2021/6/2,
8a331097a74b87ce05665ac308888adb,PARCELNAME,CHINATOWN PC DCC AND  OPEN DOOR SR,CHINATOWN PC DCC AND  OPEN DOOR SENIOR CENTER,Lynn,2021/6/2,
ad7f3e1b7e9a28f164076a9c54e63afd,PARCELNAME,CHRIS COLUMBUS HS AND ATHLETIC FIELD,CHRISTOPHER COLUMBUS HS AND ATHLETIC FIELD,Lynn,2021/6/2,
079dd077a6d49eb812d34bb139604926,PARCELNAME,CITIZENS FOR A BETTER COMM PARK,CITIZENS FOR A BETTER COMMUNITY PARK,Lynn,2021/6/2,
7b699236ae72fffbfaa37ace9378df2c,PARCELNAME,CLEMENT CLARKE MOORE HMSTED PARK,CLEMENT CLARKE MOORE HOMESTEAD PARK,Lynn,2021/6/2,
94308027f7fa10c3cbcbb807431d874e,PARCELNAME,COL DAVID MARCURS MEM PLAYGROUND,COL DAVID MARCUS MEMORIAL PLAYGROUND,Lynn,2021/6/2,
49866ae455baa3cbf9f01e493fd29b72,PARCELNAME,COL DAVID MARCUS MEM. PLAYGROUND,COL DAVID MARCUS MEMORIAL PLAYGROUND,Lynn,2021/6/2,
9fecfcda5c5a266ef7116c248432b6b6,PARCELNAME,COL. DAVID MARCUS MEM PLAYGROUND,COL DAVID MARCUS MEMORIAL PLAYGROUND,Lynn,2021/6/2,
0345960371cb8eb2c3afc4d4f55bc8bd,PARCELNAME,COMM EUGENE S SARSFIELS PLAYGROUND,COMMANDER EUGENE S. SARSFIELD PLAYGROUND,Lynn,2021/6/2,
4812c3802d34e0f8f4e64c96d869b0e8,PARCELNAME,CONWAY ST STORAGE AND PRKNG FAC,CONWAY STREET STORAGE AND PARKING FACILITY,Lynn,2021/6/2,
9ecfdba7bf2184ea0110db862700f25e,PARCELNAME,CRYSTATION WELLS BL ASSOC GARDEN,CRYSTAL WELLS BLOCK ASSOCIATION GARDEN,Lynn,2021/6/2,
9850fefaf3cda6f766845599b52468b8,PARCELNAME,CTRAL REPAIR SHOP AND DISTR GRGS,CENTRAL REPAIR SHOP AND DISTRICT GARAGES,Lynn,2021/6/2,
42543209ba64b08b47f2c36932a7dec1,PARCELNAME,DAVID N. DINKINS MANHATTAN MUNI BLDG,DAVID N. DINKINS MANHATTAN MUNICIPAL BUILDING,Lynn,2021/6/2,
4281ca695ec0b8b95e6d13d94388c077,PARCELNAME,DAVID N. DINKINS MANHATTAN MUNI BLDG,DAVID N. DINKINS MANHATTAN MUNICIPAL BUILDING,Lynn,2021/6/2,
4e5a208cbc6fa76a5e2ede08641ee948,PARCELNAME,DAVID N. DINKINS MANHATTAN MUNI BLDG,DAVID N. DINKINS MANHATTAN MUNICIPAL BUILDING,Lynn,2021/6/2,
639ed440867521dd9df296d190b2537b,PARCELNAME,DAVID N. DINKINS MANHATTAN MUNI BLDG,DAVID N. DINKINS MANHATTAN MUNICIPAL BUILDING,Lynn,2021/6/2,
7476c09ac4b4ae5665bb33eb22b050d8,PARCELNAME,DAVID N. DINKINS MANHATTAN MUNI BLDG,DAVID N. DINKINS MANHATTAN MUNICIPAL BUILDING,Lynn,2021/6/2,
7c0433e252cc7f35db4da3630bc269b9,PARCELNAME,DAVID N. DINKINS MANHATTAN MUNI BLDG,DAVID N. DINKINS MANHATTAN MUNICIPAL BUILDING,Lynn,2021/6/2,
8e57450a951cdb076e208792f9ac4852,PARCELNAME,DAVID N. DINKINS MANHATTAN MUNI BLDG,DAVID N. DINKINS MANHATTAN MUNICIPAL BUILDING,Lynn,2021/6/2,
8ef8df72f8fdd7baf17ef219bfd97b49,PARCELNAME,DAVID N. DINKINS MANHATTAN MUNI BLDG,DAVID N. DINKINS MANHATTAN MUNICIPAL BUILDING,Lynn,2021/6/2,
9cd1ac9d4574d05cbf9a455607616b94,PARCELNAME,DAVID N. DINKINS MANHATTAN MUNI BLDG,DAVID N. DINKINS MANHATTAN MUNICIPAL BUILDING,Lynn,2021/6/2,
a7fba2dadf6a5e3fbf9e0fdf22945547,PARCELNAME,DAVID N. DINKINS MANHATTAN MUNI BLDG,DAVID N. DINKINS MANHATTAN MUNICIPAL BUILDING,Lynn,2021/6/2,
cacba5b261bfd5ee63f2efea1d108564,PARCELNAME,DAVID N. DINKINS MANHATTAN MUNI BLDG,DAVID N. DINKINS MANHATTAN MUNICIPAL BUILDING,Lynn,2021/6/2,
d12057c6f44afe7df76233dfb63f3dc7,PARCELNAME,DAVID N. DINKINS MANHATTAN MUNI BLDG,DAVID N. DINKINS MANHATTAN MUNICIPAL BUILDING,Lynn,2021/6/2,
d434019724292ba6e5e874070bab0c8d,PARCELNAME,DAVID N. DINKINS MANHATTAN MUNI BLDG,DAVID N. DINKINS MANHATTAN MUNICIPAL BUILDING,Lynn,2021/6/2,
d72571c939fece4c52b3f2203e5fe0ff,PARCELNAME,DAVID N. DINKINS MANHATTAN MUNI BLDG,DAVID N. DINKINS MANHATTAN MUNICIPAL BUILDING,Lynn,2021/6/2,
dc4642be04b79bf6e11c3c7c443023a0,PARCELNAME,DAVID N. DINKINS MANHATTAN MUNI BLDG,DAVID N. DINKINS MANHATTAN MUNICIPAL BUILDING,Lynn,2021/6/2,
0b1e8b88ffa460c21e6798a8f13d9b2b,PARCELNAME,DAVID N. DINKINS MANHATTAN MUNI BLDG,DAVID N. DINKINS MANHATTAN MUNICIPAL BUILDING,Lynn,2021/6/2,
159b4be694f0c5ff506d2d4bdb000928,PARCELNAME,DAVID N. DINKINS MANHATTAN MUNI BLDG,DAVID N. DINKINS MANHATTAN MUNICIPAL BUILDING,Lynn,2021/6/2,
162689c555b6e7a6f9b8365fcd078a25,PARCELNAME,DAVID N. DINKINS MANHATTAN MUNI BLDG,DAVID N. DINKINS MANHATTAN MUNICIPAL BUILDING,Lynn,2021/6/2,
26ec1dcf57e7b22395702c5ad7a4fe5b,PARCELNAME,DAVID N. DINKINS MANHATTAN MUNI BLDG,DAVID N. DINKINS MANHATTAN MUNICIPAL BUILDING,Lynn,2021/6/2,
2793a6e69aa677d0b8ff4601b3ab1b4a,PARCELNAME,DAVID N. DINKINS MANHATTAN MUNI BLDG,DAVID N. DINKINS MANHATTAN MUNICIPAL BUILDING,Lynn,2021/6/2,
28257277cc5cccb533e1639b960b6ca5,PARCELNAME,DAVID N. DINKINS MANHATTAN MUNI BLDG,DAVID N. DINKINS MANHATTAN MUNICIPAL BUILDING,Lynn,2021/6/2,
1420981957aa1fd339b7e6c2e2983c3f,PARCELNAME,DAVIDSON AVENUE COMM CTR-STL TNT,DAVIDSON AVENUE COMMUNITY CENTER-STL TNT,Lynn,2021/6/2,
b418a0ffe900535c85105e1aac0320e0,PARCELNAME,DAVIDSON AVENUE COMM PLAYGROUND,DAVIDSON AVENUE COMMUNITY  PLAYGROUND,Lynn,2021/6/2,
ce5f18b2047baf47451c5112dc1cbfb1,PARCELNAME,DAVIDSON AVENUE COMM. GARDENERS,DAVIDSON AVENUE COMMUNITY GARDENERS,Lynn,2021/6/2,
b1f154bc3542952f012394b4f65112d6,PARCELNAME,DEWITT CLINTON AND BRONX SCI HS'S,DEWITT CLINTON AND BRONX SCIENCE HS'S,Lynn,2021/6/2,
e391f9b37f6a3b2a2cd3f3f036a7df6b,PARCELNAME,DOS BRONX 1 3 AND 4 GARAGES,"DOS BRONX, 1 3 AND 4 GARAGES",Lynn,2021/6/2,
29a6226e1e1b3a5b82901d2e0c66d315,PARCELNAME,DR BETANCES  2 AND 3,BETANCES II AND III,Lynn,2021/6/2,
43652435cd26ce475723e6a031996f66,PARCELNAME,DR BETANCES 2 AND 3 HOUSES,BETANCES II AND III HOUSES,Lynn,2021/6/2,
86a4876053c87068a6859ed1cae8714d,PARCELNAME,DR BETANCES 4 AND 5 HOUSES,BETANCES IV AND V HOUSES,Lynn,2021/6/2,
60980b9babe360dcdab82f2a90215265,PARCELNAME,DR. BETANCES 4 AND 5 HOUSES,BETANCES IV AND V HOUSES,Lynn,2021/6/2,
0a39e932d53695883d74acbd6d281c14,PARCELNAME,DR.BETANCES 4 AND 5 HOUSES,BETANCES IV AND V HOUSES,Lynn,2021/6/2,
7eec1fc77af719f351f07f444be85732,PARCELNAME,DYRE AVENUE ROW,DYRE AVENUE RIGHT OF WAY,Lynn,2021/6/2,
c121aabf1438e5fc2017bb4bff0a8a54,PARCELNAME,E N Y VOCATIONAL HS PLAYGROUND,EAST NEW YORK VOCATIONAL HS PLAYGROUND,Lynn,2021/6/2,
a8260ddb87670f070ba81fab1ba08275,PARCELNAME,E N Y VOCATIONAL HS PLAYGROUND,EAST NEW YORK VOCATIONAL HS PLAYGROUND,Lynn,2021/6/2,
5cd974abcb79e73b859270b16ed82eda,PARCELNAME,EAST 165TH.ST.BRYANT AVENUE,EAST 165TH STREET - BRYANT AVENUE,Lynn,2021/6/2,
8acf6660d6d670eb29abadc02b506371,PARCELNAME,EAST 173RD ST.-VYSE AVENUE,EAST 173RD STREET - VYSE AVENUE,Lynn,2021/6/2,
a394b378e131cdc3279dd14a51b0d033,PARCELNAME,EAST 173RD ST.-VYSE AVENUE,EAST 173RD STREET - VYSE AVENUE,Lynn,2021/6/2,
c370924f6fdab0c4399b695957d72288,PARCELNAME,EAST 180TH ST-MONTEREY AVENUE,EAST 180TH ST - MONTEREY AVENUE,Lynn,2021/6/2,
506e6cdcd612c920f52b26d34dab94b4,PARCELNAME,EAST 180TH ST.- MONTEREY AVENUE,EAST 180TH ST - MONTEREY AVENUE,Lynn,2021/6/2,
a88e72e9ee076e2232d16ce7336172a4,PARCELNAME,EAST 180TH ST.- MONTEREY AVENUE,EAST 180TH ST - MONTEREY AVENUE,Lynn,2021/6/2,
940e12594c2260836caae515ad9deaa5,PARCELNAME,EDGEMERE URA  (P/O 58 AND 59),EDGEMERE URBAN RENEWAL AREA  (P/O 58 AND 59),Lynn,2021/6/2,
19b458328b5626b657b58dc5f2ff8ded,PARCELNAME,EDGEMERE URA SITE #86 AND #87,EDGEMERE URBAN RENEWAL AREA SITE #86 AND #87,Lynn,2021/6/2,
2aa34999434ea729e07c5cf15a63e585,PARCELNAME,ENCLOSED AREA BENEATH BROOKLYN BR,ENCLOSED AREA BENEATH BROOKLYN BRIDGE,Lynn,2021/6/2,
6f0e519263b432d35d2658412003b0e8,PARCELNAME,ENG 245 LAD 161 BAT 43  PRECINCT 60,ENG 245 LAD 161 BAT 43  AND NYPD 60TH PRECINCT STATION HOUSE,Lynn,2021/6/2,
ff93682eed3163456550793bd18e439d,PARCELNAME,ENG 245 LAD 161 BAT 43  PRECINCT 60,ENG 245 LAD 161 BAT 43  AND NYPD 60TH PRECINCT STATION HOUSE,Lynn,2021/6/2,
39a359047d89e87803c2d990f4ae3b0e,PARCELNAME,ENG 46  LAD 27  48 PRECINCT,ENG 46  LAD 27  AND NYPD 48TH PRECINCT STATION HOUSE,Lynn,2021/6/2,
bc25847dccaeddc2099da1bdd11f278e,PARCELNAME,ENG 46  LAD 27  48 PRECINCT,ENG 46  LAD 27  AND NYPD 48TH PRECINCT STATION HOUSE,Lynn,2021/6/2,
794f418c2ec3d632088416a2cdcce4f9,PARCELNAME,ENG 8 LAD 2 BAT 8/ NYPD 17 PRECINCT,ENG 8 LAD 2 BAT 8 AND NYPD 17TH PRECINCT STATION HOUSE,Lynn,2021/6/2,
c942d3148964d0d5ee932195ef39a9cc,PARCELNAME,ENG 8 LAD 2 BAT 8/ NYPD 17 PRECINCT,ENG 8 LAD 2 BAT 8 AND NYPD 17TH PRECINCT STATION HOUSE,Lynn,2021/6/2,
229e583db37bab5c279a9e9be591e3f9,PARCELNAME,ENG.248  67 PRECINCT,ENG 248 AND NYPD 67TH  PRECINCT STATION HOUSE,Lynn,2021/6/2,
ae12066b3cf5e83ae0734cbeeeefaf40,PARCELNAME,ENG.248  67 PRECINCT,ENG 248 AND NYPD 67TH  PRECINCT STATION HOUSE,Lynn,2021/6/2,
2669819c190b236cb215cce6086a4bc2,PARCELNAME,ENG76 LAD22 BAT11/NYPD 24 PRECINCT,ENG 76 LAD 22 BAT 11 AND NYPD 24TH PRECINCT STATION HOUSE,Lynn,2021/6/2,
636663ac25ba2489d1209bcfcf56898c,PARCELNAME,ENG76 LAD22 BAT11/NYPD 24 PRECINCT,ENG 76 LAD 22 BAT 11 AND NYPD 24TH PRECINCT STATION HOUSE,Lynn,2021/6/2,
8f1f5c8f46995f55f12a3bfbd1d8d6e2,PARCELNAME,ENY VOC AND TECH H.S,EAST NEW YORK VOCATIONAL AND TECHNICAL  HS,Lynn,2021/6/2,
782c9bfc956224a7f196b9837fa17e00,PARCELNAME,ESPLANADE AND PEDESTRIAN EASEMTS,ESPLANADE AND PEDESTRIAN EASEMENTS,Lynn,2021/6/2,
b8ad196a8df5194bd0242e919e8ba2be,PARCELNAME,F. H. LAGUARDIA HOUSES ADD AND SC,F. H. LAGUARDIA HOUSES ADDITION AND SENIOR CENTER,Lynn,2021/6/2,
fd1f7edb82cc5d28463cc7ca3a378d6b,PARCELNAME,FAR ROCKAWAY HS AND ATHLETIC FLD,FAR ROCKAWAY HS AND ATHLETIC FIELD,Lynn,2021/6/2,
ece5932bba52df9a67b45988621824e8,PARCELNAME,FD ROOSEVELT BOARDWALD AND BEACH,FRANKLIN D. ROOSEVELT BOARDWALK AND BEACH,Lynn,2021/6/2,
7cdd80f529dea6dbe24f33e5ba3dd900,PARCELNAME,FD ROOSEVELT BOARDWALK AND BEACH,FRANKLIN D. ROOSEVELT BOARDWALK AND BEACH,Lynn,2021/6/2,
444e80ec4cc288eb52d13bf4eaa57fec,PARCELNAME,FD ROOSEVELT BOARDWALK AND BEACH,FRANKLIN D. ROOSEVELT BOARDWALK AND BEACH,Lynn,2021/6/2,
1e7a4b4b24d3ea636deaf2b5563fd5ee,PARCELNAME,FD ROOSEVELT BOARDWALK AND BEACH,FRANKLIN D. ROOSEVELT BOARDWALK AND BEACH,Lynn,2021/6/2,
32f91c5938192d9554a3e95479445eb5,PARCELNAME,FD ROOSEVELT BOARDWALK AND BEACH,FRANKLIN D. ROOSEVELT BOARDWALK AND BEACH,Lynn,2021/6/2,
ec7444a8269180e325b69d470b21facd,PARCELNAME,FD ROOSEVELT BOARDWALK AND BEACH,FRANKLIN D. ROOSEVELT BOARDWALK AND BEACH,Lynn,2021/6/2,
6c02aaad13a0928f111a6f25fa0e01e7,PARCELNAME,FD ROOSEVELT BOARDWALK AND BEACH,FRANKLIN D. ROOSEVELT BOARDWALK AND BEACH,Lynn,2021/6/2,
d5720a7bd53b1b3abbf760f0c37ce017,PARCELNAME,FD ROOSEVELT BOARDWALK AND BEACH,FRANKLIN D. ROOSEVELT BOARDWALK AND BEACH,Lynn,2021/6/2,
34328a6325d56ed4a21c7d78d79cfaa6,PARCELNAME,FD ROOSEVELT BOARDWALK AND BEACH,FRANKLIN D. ROOSEVELT BOARDWALK AND BEACH,Lynn,2021/6/2,
62ee0387a7d7da557b0f022b2d7ac303,PARCELNAME,FD ROOSEVELT BOARDWALK AND BEACH,FRANKLIN D. ROOSEVELT BOARDWALK AND BEACH,Lynn,2021/6/2,
fbc1e907770d17d6a7d0009862b09f12,PARCELNAME,FD ROOSEVELT BOARDWALK AND BEACH,FRANKLIN D. ROOSEVELT BOARDWALK AND BEACH,Lynn,2021/6/2,
d5becbeedfa3cade868e1a6c58e4c57c,PARCELNAME,FD ROOSEVELT BOARDWALK AND BEACH,FRANKLIN D. ROOSEVELT BOARDWALK AND BEACH,Lynn,2021/6/2,
5e318bd459730dc57a2bd4ff5a63e5f6,PARCELNAME,FD ROOSEVELT BOARDWALK AND BEACH,FRANKLIN D. ROOSEVELT BOARDWALK AND BEACH,Lynn,2021/6/2,
fcb669edd8730f215d747d7359e5923e,PARCELNAME,FD ROOSEVELT BOARDWALK AND BEACH,FRANKLIN D. ROOSEVELT BOARDWALK AND BEACH,Lynn,2021/6/2,
30d3116682a985c5f9a63b906372a3bd,PARCELNAME,FD ROOSEVELT BOARDWALK AND BEACH,FRANKLIN D. ROOSEVELT BOARDWALK AND BEACH,Lynn,2021/6/2,
84961c68d550fafbbc0004d85199c07b,PARCELNAME,FD ROOSEVELT BOARDWALK AND BEACH,FRANKLIN D. ROOSEVELT BOARDWALK AND BEACH,Lynn,2021/6/2,
e9295ed8bf97f93e19ea6118f31c2e50,PARCELNAME,FD ROOSEVELT BOARDWALK AND BEACH,FRANKLIN D. ROOSEVELT BOARDWALK AND BEACH,Lynn,2021/6/2,
395722913d5fc6d29d74aff4632b02d5,PARCELNAME,FD ROOSEVELT BOARDWALK AND BEACH,FRANKLIN D. ROOSEVELT BOARDWALK AND BEACH,Lynn,2021/6/2,
dfae4cc4430aa7f012984b207dca33dc,PARCELNAME,FD ROOSEVELT BOARDWALK AND BEACH,FRANKLIN D. ROOSEVELT BOARDWALK AND BEACH,Lynn,2021/6/2,
70c23f99e0acf60ef0330a0dbd4420f5,PARCELNAME,FD ROOSEVELT BOARDWALK AND BEACH,FRANKLIN D. ROOSEVELT BOARDWALK AND BEACH,Lynn,2021/6/2,
fcf6cd74ceab6e3bac8123bb71f412d6,PARCELNAME,FD ROOSEVELT BOARDWALK AND BEACH,FRANKLIN D. ROOSEVELT BOARDWALK AND BEACH,Lynn,2021/6/2,
3d3b5ea2ba637b1a8797ec3df9ec3b30,PARCELNAME,FD ROOSEVELT BOARKWALK AND BEACH,FRANKLIN D. ROOSEVELT BOARDWALK AND BEACH,Lynn,2021/6/2,
c55efa67d77bc670c287c50585054c18,PARCELNAME,FD ROOSEVELT BROADWALK AND BEACH,FRANKLIN D. ROOSEVELT BOARDWALK AND BEACH,Lynn,2021/6/2,
005956239ada2c0276164c3a85dbffa1,PARCELNAME,FIELD OFFICE-MANHATTAN FAMILY CT DIVN,FIELD OFFICE-MANHATTAN FAMILY COURT DIVISION,Lynn,2021/6/2,
20bdb82f714d5a83945f86bd8230f2fe,PARCELNAME,FIELD OFFICE-MANHATTAN FAMILY CT DIVN,FIELD OFFICE-MANHATTAN FAMILY COURT DIVISION,Lynn,2021/6/2,
2942a7012ab85686069f257e7bb44bec,PARCELNAME,FIELD OFFICE-MANHATTAN FAMILY CT DIVN,FIELD OFFICE-MANHATTAN FAMILY COURT DIVISION,Lynn,2021/6/2,
2a770b277b89f57279fc32f2ef265a1d,PARCELNAME,FIELD OFFICE-MANHATTAN FAMILY CT DIVN,FIELD OFFICE-MANHATTAN FAMILY COURT DIVISION,Lynn,2021/6/2,
457b6c6da98655493241170bbf5ea3b8,PARCELNAME,FIELD OFFICE-MANHATTAN FAMILY CT DIVN,FIELD OFFICE-MANHATTAN FAMILY COURT DIVISION,Lynn,2021/6/2,
4fee14817a9e070fdfcd13544e7c2693,PARCELNAME,FIELD OFFICE-MANHATTAN FAMILY CT DIVN,FIELD OFFICE-MANHATTAN FAMILY COURT DIVISION,Lynn,2021/6/2,
615526fa6c263e874b70b3f6866721bc,PARCELNAME,FIELD OFFICE-MANHATTAN FAMILY CT DIVN,FIELD OFFICE-MANHATTAN FAMILY COURT DIVISION,Lynn,2021/6/2,
6edfa59764484756ab0f5cf6d723b3fa,PARCELNAME,FIELD OFFICE-MANHATTAN FAMILY CT DIVN,FIELD OFFICE-MANHATTAN FAMILY COURT DIVISION,Lynn,2021/6/2,
f29b3c83026b092e227b0589d82c9df7,PARCELNAME,FIELD OFFICE-MANHATTAN FAMILY CT DIVN,FIELD OFFICE-MANHATTAN FAMILY COURT DIVISION,Lynn,2021/6/2,
f4b50d857a895ccd9669316cd34e5843,PARCELNAME,FIELD OFFICE-MANHATTAN FAMILY CT DIVN,FIELD OFFICE-MANHATTAN FAMILY COURT DIVISION,Lynn,2021/6/2,
6200fe0b3999d60730efdcc87e79b08c,PARCELNAME,FORMER J.KURTZ  AND SONS STORE BLD,FORMER J.KURTZ  AND SONS STORE BUILDING,Lynn,2021/6/2,
04f34c5b2ecddc66e6c8a9a9aa212ad3,PARCELNAME,FORMERLY PIERS 19  20 AND 21,"FORMERLY PIERS 19, 20 AND 21",Lynn,2021/6/2,
61df7a2510c8aa82b2eaf0a5f8f4f17e,PARCELNAME,FORMERLY PIERS 19  20 AND 21,"FORMERLY PIERS 19, 20 AND 21",Lynn,2021/6/2,
42a4157eade64f81c23d637a5c14f86b,PARCELNAME,FORT WASH REGIONAL BRANCH LIBRARY,FORT WASHINGTON REGIONAL BRANCH LIBRARY,Lynn,2021/6/2,
1fb7ac7000fed3578de0b592058c3983,PARCELNAME,FUT GATEWAY PK/ATLANTIC AVENUE EXT,FUTURE GATEWAY PARK/ATLANTIC AVENUE EXTENSION,Lynn,2021/6/2,
1befa2ecca9e44b849afc7a21252f40b,PARCELNAME,FUT GATEWAY PK/ATLANTIC AVENUE EXT,FUTURE GATEWAY PARK/ATLANTIC AVENUE EXTENSION,Lynn,2021/6/2,
12a62bf5bc0f043f2e614ec663ec6ef1,PARCELNAME,FUT GATEWAY PK/ATLANTIC AVENUE ROW,FUTURE GATEWAY PARK/ATLANTIC AVENUE RIGHT OF WAY,Lynn,2021/6/2,
14b5bc525dd4862d02afbf647605b8bb,PARCELNAME,FUT GATEWAY PK/ATLANTIC AVENUE ROW,FUTURE GATEWAY PARK/ATLANTIC AVENUE RIGHT OF WAY,Lynn,2021/6/2,
28659fe4309168c1a36177c1d89c1396,PARCELNAME,FUT GATEWAY PK/ATLANTIC AVENUE ROW,FUTURE GATEWAY PARK/ATLANTIC AVENUE RIGHT OF WAY,Lynn,2021/6/2,
23761c83503e2c7e3197b1d9de71c9b7,PARCELNAME,GEO WASHTN HOUSES/BLAKE HOBBS PARK,GEORGE WASHINGTON HOUSES/BLAKE HOBBS PARK,Lynn,2021/6/2,
ed5cda288ada02fc95edf958b157f431,PARCELNAME,GEO WASHTN HOUSES/BLAKE HOBBS PARK,GEORGE WASHINGTON HOUSES/BLAKE HOBBS PARK,Lynn,2021/6/2,
eecaaf72233dce9657a0d1dac3883c76,PARCELNAME,GEORGE WASHINGTON HS AND AF,GEORGE WASHINGTON HS AND ATHLETIC FIELD,Lynn,2021/6/2,
5a36b0967c71ca2fff4fcb6da29f6d74,PARCELNAME,GLENMORE HENDRIX BL ASSOC GARDEN,GLENMORE HENDRIX BLOCK ASSOCIATION GARDEN,Lynn,2021/6/2,
b34e73ff28ee8ba8b17502da7c927627,PARCELNAME,GRANT HOUSES AND J ROBINSON SC,GRANT HOUSES AND J ROBINSON SENIOR CENTER,Lynn,2021/6/2,
e96804b58d66e2e5481ad8b4591af316,PARCELNAME,GREENE AVENUE UNITED NGHBD PARK,GREENE AVENUE UNITED NEIGHBORHOOD PARK,Lynn,2021/6/2,
651bbb8630ffb117ad09c5909b390544,PARCELNAME,GROVER CLEVELAND HS AND ATHL FLD,GROVER CLEVELAND HS AND ATHLETIC FIELD,Lynn,2021/6/2,
2d78d61e48457aafa98f96dc8a61de61,PARCELNAME,GW PLAYGROUND CHERRY TREE PARK,GEORGE WASHINGTON PLAYGROUND CHERRY TREE PARK,Lynn,2021/6/2,
ef444fcc75a288df165ac91e331caaf2,PARCELNAME,H. LEHMAN HS-PLAYGROUND ATHLETIC FIELD,H. LEHMAN HS-PLAYGROUND/ATHLETIC FIELD,Lynn,2021/6/2,
2368cf7a15c278ffaa97b4c37de1282d,PARCELNAME,HAMILTON AVENUE TRANFER STATION,HAMILTON AVENUE TRANSFER STATION,Lynn,2021/6/2,
302467e1051b0a8adbedb76bba3ccb1d,PARCELNAME,HAMILTON AVENUE TRANFER STATION,HAMILTON AVENUE TRANSFER STATION,Lynn,2021/6/2,
8ba9eab3718f578089bf280dbcc8b996,PARCELNAME,HANSBOROUGH REC CENTER AND POOL,HANSBOROUGH RECREATION CENTER AND POOL,Lynn,2021/6/2,
f77eac307e54cd3c8a7890734c8aded4,PARCELNAME,HAWKINS SITTING AREA/CTY IS PARK,HAWKINS SITTING AREA/CITY ISLAND PARK,Lynn,2021/6/2,
131108541fe0775973b2797e41f0bfd4,PARCELNAME,HIGH SCHOOL OF HEALTH AND HUMAN,HS FOR HEALTH PROFESSIONS AND HUMAN SERVICES,Lynn,2021/6/2,
022f0e7d78e98b72b7db44bc04373e8a,PARCELNAME,HIGHBRIDGE REHAB (ANDERSON AVENUE,HIGHBRIDGE REHAB (ANDERSON AVENUE),Lynn,2021/6/2,
e660dc3d1e899f9ea0dd9b3d8b701966,PARCELNAME,HINSDALE YARD BROOKLYN WMS SHLTR,HINSDALE YARD BROOKLYN WOMEN'S SHELTER,Lynn,2021/6/2,
b0a33dbea51cb9e59f2506644aaa22db,PARCELNAME,HORIZON JUVJ CTR/NYPD 40TH PRECINCT,HORIZON JUVENILE JUSTICE CENTER/NYPD 40TH PRECINCT STATION  CENTER,Lynn,2021/6/2,
2093724823b275fe0a21bfcbe0dcb128,PARCELNAME,HS FOR LAW ENF. AND PUB. SAFETY,HS FOR LAW ENFORCEMENT AND PUBLIC SAFETY,Lynn,2021/6/2,
263687d260755f11bedcb144e22dea68,PARCELNAME,HS GRAPHIC COMM ARTS AND PARK,HS GRAPHIC COMMUNICATION ARTS AND PARK,Lynn,2021/6/2,
5024eb951f3fe4a32d14f03dca300cee,PARCELNAME,HS GRAPHIC COMM ARTS AND PARK,HS GRAPHIC COMMUNICATION ARTS AND PARK,Lynn,2021/6/2,
6919afecf4b39a333a69b652c3638905,PARCELNAME,HS OF TEACHING  LIB ARTS AND SCI,"HS OF TEACHING , LIBERAL ARTS AND THE SCIENCES",Lynn,2021/6/2,
be4bd08b78a764b5b0ab6e8705907ed1,PARCELNAME,HUNTER COLLEGE ELEM AND HS,HUNTER COLLEGE ELEMENTARY AND HS,Lynn,2021/6/2,
946b6a25f6efad868a2df8ed9fc6e7a0,PARCELNAME,"IND 10  ST. SUBSTATION ""F"" R.O.W","IND 10  ST. SUBSTATION ""F"" RIGHT OF WAY",Lynn,2021/6/2,
02c3451265083ac5c0d0657b941eae33,PARCELNAME,IND 8TH AVENUE ROW AND VENT,IND 8TH AVENUE RIGHT OF WAY AND VENT,Lynn,2021/6/2,
79fd1c1293fa4cc81ecda21550992665,PARCELNAME,IND 8TH AVENUE ROW AND VENT,IND 8TH AVENUE RIGHT OF WAY AND VENT,Lynn,2021/6/2,
7cde287583857140e1e390f70f967238,PARCELNAME,IND 8TH AVENUE ROW AND VENT,IND 8TH AVENUE RIGHT OF WAY AND VENT,Lynn,2021/6/2,
78efea396bf3470aa7806857c2f18986,PARCELNAME,IND PROSPECT PKWY AND CONEY IS,IND PROSPECT PARKWAY AND CONEY ISLAND,Lynn,2021/6/2,
47b72d11b379207ef3007bc4012515d4,PARCELNAME,INTRSECTION 19TH AVENUE AND 19TH RD,INTERSECTION 19TH AVENUE AND 19TH ROAD,Lynn,2021/6/2,
615a6a5348f4c22c29db2bf77656b66f,PARCELNAME,INTRSECTION 19TH AVENUE AND 19TH RD,INTERSECTION 19TH AVENUE AND 19TH ROAD,Lynn,2021/6/2,
83ce4600379c5457e900b75fb356327a,PARCELNAME,INTRSECTION 58TH AVE/GRAND AVENUE,INTERSECTION 58TH AVENUE AND GRAND AVENUE,Lynn,2021/6/2,
4b173e28ead69bcbdcfa26bc1eb8227e,PARCELNAME,IRT B'WAY AND W. 143 ST. SUBSTATION,IRT BROADWAY AND W. 143 ST. SUBSTATION,Lynn,2021/6/2,
b6e3c6a1c7751a3b6140c4106678cbdf,PARCELNAME,IRT DRYRE AVENUE LINE R.O.W,IRT DRYE AVENUE LINE RIGHT OF WAY,Lynn,2021/6/2,
10067fc47a1ce168c5ce01a7ea2ad806,PARCELNAME,IRT DYRE AVENUE KUBE R.O.W,IRT DYRE AVENUE TUBE RIGHT OF WAY,Lynn,2021/6/2,
0b3f4ec544f10e65fa1e7ead779f61aa,PARCELNAME,IRT DYRE AVENUE LI NE R.O.W,IRT DYRE AVENUE LINE RIGHT OF WAY,Lynn,2021/6/2,
4eb802e6b7c81e51e63920bde8939c1b,PARCELNAME,IRT DYRE AVENUE LINE R.O.W,IRT DYRE AVENUE LINE RIGHT OF WAY,Lynn,2021/6/2,
f04a9af12bcbafb68c753f2676734add,PARCELNAME,IRT DYRE AVENUE LINE R.O.W,IRT DYRE AVENUE LINE RIGHT OF WAY,Lynn,2021/6/2,
9cbd915f2591be11ba5439f4ba9608f4,PARCELNAME,IRT DYRE AVENUE LINE R.O.W,IRT DYRE AVENUE LINE RIGHT OF WAY,Lynn,2021/6/2,
fef80e0042f967bfd741d4c42d40cb30,PARCELNAME,IRT DYRE AVENUE LINE R.O.W,IRT DYRE AVENUE LINE RIGHT OF WAY,Lynn,2021/6/2,
521f49933d39e37e86a412591aa0cd5f,PARCELNAME,IRT DYRE AVENUE LINE R.O.W,IRT DYRE AVENUE LINE RIGHT OF WAY,Lynn,2021/6/2,
52dcb038102c5db86f30873c5a6883d9,PARCELNAME,IRT DYRE AVENUE LINE R.O.W,IRT DYRE AVENUE LINE RIGHT OF WAY,Lynn,2021/6/2,
b70fd99efdc471b566b002aa53fc110e,PARCELNAME,IRT DYRE AVENUE LINE R.O.W,IRT DYRE AVENUE LINE RIGHT OF WAY,Lynn,2021/6/2,
5a3f7f7ee35eebf6854b5e44ffb896fc,PARCELNAME,IRT DYRE AVENUE LINE R.O.W,IRT DYRE AVENUE LINE RIGHT OF WAY,Lynn,2021/6/2,
0192aa9a73747a9bbec5ea966b0bb77a,PARCELNAME,IRT DYRE AVENUE LINE R.O.W,IRT DYRE AVENUE LINE RIGHT OF WAY,Lynn,2021/6/2,
d1f3f4a119632feb3d50baa19ac5ab89,PARCELNAME,IRT DYRE AVENUE LINE R.O.W,IRT DYRE AVENUE LINE RIGHT OF WAY,Lynn,2021/6/2,
5a9a36e0b6f3cd432fbad736f5ef8457,PARCELNAME,IRT DYRE AVENUE LINE R.O.W,IRT DYRE AVENUE LINE RIGHT OF WAY,Lynn,2021/6/2,
c76881098d0e623bd8f1435f2ceaaa61,PARCELNAME,IRT DYRE AVENUE LINE R.O.W,IRT DYRE AVENUE LINE RIGHT OF WAY,Lynn,2021/6/2,
0a253abc312cb330c88f939308c6cf05,PARCELNAME,IRT DYRE AVENUE LINE R.O.W,IRT DYRE AVENUE LINE RIGHT OF WAY,Lynn,2021/6/2,
4e2b61783da2216c4c1cf28597133aae,PARCELNAME,IRT DYRE AVENUE LINE R.O.W,IRT DYRE AVENUE LINE RIGHT OF WAY,Lynn,2021/6/2,
1818f0d0e17e796dee77a38cdf2da9a1,PARCELNAME,IRT DYRE AVENUE LINE R.O.W,IRT DYRE AVENUE LINE RIGHT OF WAY,Lynn,2021/6/2,
fbeca0fd4ef6fbc51d303a16d57e4e0a,PARCELNAME,IRT DYRE AVENUE LINE R.O.W,IRT DYRE AVENUE LINE RIGHT OF WAY,Lynn,2021/6/2,
d43dec09aa55220f2d64a2503f3bb48a,PARCELNAME,IRT DYRE AVENUE LINE R.O.W,IRT DYRE AVENUE LINE RIGHT OF WAY,Lynn,2021/6/2,
d8563d42b47fba171b4804d49497d32c,PARCELNAME,IRT DYRE AVENUE LINE R.O.W,IRT DYRE AVENUE LINE RIGHT OF WAY,Lynn,2021/6/2,
42b70641af9b9b908b1f8b40d8e717f2,PARCELNAME,IRT DYRE AVENUE LINE R.O.W,IRT DYRE AVENUE LINE RIGHT OF WAY,Lynn,2021/6/2,
e650937972f61c04caecb1786b85fb39,PARCELNAME,IRT DYRE AVENUE LINE R.O.W,IRT DYRE AVENUE LINE RIGHT OF WAY,Lynn,2021/6/2,
bdd62d3aba9c96549bdaf93341682785,PARCELNAME,IRT DYRE AVENUE R.O.W,IRT DYRE AVENUE RIGHT OF WAY,Lynn,2021/6/2,
38f799bf16c8db6b69f7f3a76e70aae5,PARCELNAME,IRT ROW - #4 AND STATION,IRT RIGHT OF WAY - #4 AND STATION,Lynn,2021/6/2,
b11ff762394220e14783023a6592cd5d,PARCELNAME,JAMAICA CTR. FOR ARTS AND LEARN,JAMAICA CENTER FOR ARTS AND LEARNING,Lynn,2021/6/2,
574a3cfd3cbae8443244a9d94c7d0824,PARCELNAME,JEROME AVENUE IRT YDS,JEROME AVENUE IRT YARDS,Lynn,2021/6/2,
395f9dd7b425089e32a2345b133d42ce,PARCELNAME,JJ BYRNE MEM PARK,JJ BYRNE MEMORIAL PARK,Lynn,2021/6/2,
84cb506917816756c776b405027b8234,PARCELNAME,JOHN JAY PARK. AND  POOL,JOHN JAY PARK AND  POOL,Lynn,2021/6/2,
3945668f71a8d4c43ca9b63ba7c3e212,PARCELNAME,KINGSBOUGH COMM COLLEGE AND H.S,KINGSBOROUGH COMMUNITY COLLEGE AND H.S,Lynn,2021/6/2,
a81357dfabe4ea3b656c8f769578afe9,PARCELNAME,KINGSBOUGH COMM COLLEGE AND H.S,KINGSBOROUGH COMMUNITY COLLEGE AND H.S,Lynn,2021/6/2,
feb80b1750fe778dd76bbf2c22b991b7,PARCELNAME,KINGSBOUGH COMM COLLEGE AND H.S,KINGSBOROUGH COMMUNITY COLLEGE AND H.S,Lynn,2021/6/2,
02be780f0fd06c6f5ad84742ab8cbc55,PARCELNAME,KISSENA CORRIDOR PK/QUEENS BOT GD,KISSENA CORRIDOR PARK/QUEENS BOTANICAL GARDEN,Lynn,2021/6/2,
cbae01a205b2c19c31440db6c07058b4,PARCELNAME,KISSENA CORRIDOR PK/QUEENS BOT GD,KISSENA CORRIDOR PARK/QUEENS BOTANICAL GARDEN,Lynn,2021/6/2,
d27230effae50298ef7a885f04604a06,PARCELNAME,L.U.W 138-141ST ST AND E. RIVER,LAND UNDER WATER 138-141ST ST AND E. RIVER,Lynn,2021/6/2,
1888e19406e5272c8a56914681365a02,PARCELNAME,L.U.W UPLAND AND MARGINAL STREET,LAND UNDER WATER UPLAND AND MARGINAL STREET,Lynn,2021/6/2,
849eb8add92cf6caaa3a66837d0d36f9,PARCELNAME,L.U.W UPLAND AND MARGINAL STREET,LAND UNDER WATER UPLAND AND MARGINAL STREET,Lynn,2021/6/2,
abda8f0d8c30dfe24fcfdadb45166e94,PARCELNAME,L.U.W UPLAND AND MARGINAL STREET,LAND UNDER WATER UPLAND AND MARGINAL STREET,Lynn,2021/6/2,
f251400c4919b010afef09431f4c6447,PARCELNAME,L.U.W. BET E 42ND AND E 48 STS,LAND UNDER WATER BETWEEN E 42ND AND E 48 STS,Lynn,2021/6/2,
0048f02a6dc4ff458c8e866637890631,PARCELNAME,L.U.W. BET E.30 AND 34 STREETS,LAND UNDER WATER BETWEEN E.30 AND 34 STREETS,Lynn,2021/6/2,
058bd82b47c4d2b070cbf4c008d7a020,PARCELNAME,L.U.W. BET E.30 AND 34 STREETS,LAND UNDER WATER BETWEEN E.30 AND 34 STREETS,Lynn,2021/6/2,
1cdc5fcbe2944fdd9107f226ff561724,PARCELNAME,L.U.W. BUTTRICK AVENUE,LAND UNDER WATER BUTTRICK AVENUE,Lynn,2021/6/2,
54a9241f5e06834a60f0c909c7ac8670,PARCELNAME,L.U.W. HARLEM  AND HUDSON RIVERS,LAND UNDER WATER HARLEM  AND HUDSON RIVERS,Lynn,2021/6/2,
6005290f9f41a1ac7533c217e0b4078d,PARCELNAME,L.U.W. ROBINSON AVENUE,LAND UNDER WATER ROBINSON AVENUE,Lynn,2021/6/2,
5ef6f092f5d0be038d07e13900831a14,PARCELNAME,L.U.W. UNDER BROOKLYN BRIDGE,LAND UNDER WATER UNDER BROOKLYN BRIDGE,Lynn,2021/6/2,
8b75707566ec67b95d532500fbe8f26a,PARCELNAME,L.U.W. UNDER BROOKLYN BRIDGE,LAND UNDER WATER UNDER BROOKLYN BRIDGE,Lynn,2021/6/2,
a741bf0954711f5afa1d8d22e296bbe0,PARCELNAME,L.U.W.EAST RIVER BUTTRICK AVENUE,LAND UNDER WATER EAST RIVER BUTTRICK AVENUE,Lynn,2021/6/2,
364978eeb773afe9995189ebe98d8334,PARCELNAME,LA TOURETTE PARK. AND  GOLF COURSE,LA TOURETTE PARK AND  GOLF COURSE,Lynn,2021/6/2,
eb4eba9b65725c7b1a5825263d280543,PARCELNAME,LA TOURETTE PARK. AND  GOLF COURSE,LA TOURETTE PARK AND  GOLF COURSE,Lynn,2021/6/2,
5b8f2408f46fb124548ec363e69dcf85,PARCELNAME,LATOURETTE PARK AND GOLF COURSE,LA TOURETTE PARK AND  GOLF COURSE,Lynn,2021/6/2,
5cb5a4bc7c839bbc312ca57fd643e812,PARCELNAME,LOUIS D. BRANDEIS HS AND PLG,LOUIS D. BRANDEIS HS AND PLAYGROUND,Lynn,2021/6/2,
4deddfbb6ea5292cef1fa286331ec6ee,PARCELNAME,LOUIS H. PINK HOUSES AND SENR CR,LOUIS H. PINK HOUSES AND SENIOR CENTER,Lynn,2021/6/2,
025b99750360c0791ea2c1e78211b554,PARCELNAME,LT MEYRAN AND BELLEW EDUC COMPLX,LT MEYRAN AND BELLEW EDUCATIONAL COMPLEX,Lynn,2021/6/2,
d39a6ed4e10fe51e0d7ee8d981c15761,PARCELNAME,MANHATTAN CTR FOR MATH AND SCIENCE HS,MANHATTAN CENTER FOR MATH AND SCIENCE HS,Lynn,2021/6/2,
217a7ec9e9e60c4a37bdfba9401567c7,PARCELNAME,MARINERS HARBOR HOUSES AND SENR CR,MARINERS HARBOR HOUSES AND SENIOR CENTER,Lynn,2021/6/2,
0160118e8d5044c0e207f0de58c8ad08,PARCELNAME,MARINERS HARBOR HOUSES.PLAYGROUND,MARINERS HARBOR HOUSES PLAYGROUND,Lynn,2021/6/2,
e5a8a3a834a1e4dd73a2ca77b206c54e,PARCELNAME,MARINERS HARBOR HOUSES.PLAYGROUND,MARINERS HARBOR HOUSES PLAYGROUND,Lynn,2021/6/2,
a4e53e1a6f222386d185c4f857fe3b63,PARCELNAME,N RIVER WPCP /DOS MAR TNSF STATION,N RIVER WPCP /DOS MARINE TRANSFER STATION,Lynn,2021/6/2,
5fcaf25b05487cc7b7c32cf21d5b5870,PARCELNAME,NEW 123RD ST. BLOCK ASSOC. GARDEN,NEW 123RD ST. BLOCK ASSOCIATION GARDEN,Lynn,2021/6/2,
bdc4fe0fa153ca01d3475dc7ee07cb13,PARCELNAME,NEW 123RD ST. BLOCK ASSOC. GARDEN,NEW 123RD ST. BLOCK ASSOCIATION GARDEN,Lynn,2021/6/2,
eb189eccb48d8081a6b54a0a152fa33f,PARCELNAME,NEW DORP HS AND AF,NEW DORP HS AND ATHELETIC FIELD,Lynn,2021/6/2,
6c67e057b22e809b1d5608bd27897a8a,PARCELNAME,NEW UTRECHT STA.HOUSE 15TH AVENUE,NEW UTRECHT STATION HOUSE 15TH AVENUE,Lynn,2021/6/2,
06fc7f7ab98b429e552c9f5294fc441c,PARCELNAME,NYPD 50TH PCT.EMS ST.50,NYPD 50TH PRECINCT STATION HOUSE AND EMS STATION 50,Lynn,2021/6/2,
0a7786bb7de9cbaaeda578082e476c1a,PARCELNAME,NYPD104TH PRECINCT,NYPD 104TH PRECINCT STATION HOUSE,Lynn,2021/6/2,
4f71fa2861b2bbea629792ca1a17412b,PARCELNAME,OCEAN BAY APARTS. AND  PLAYGROUND,OCEAN BAY APARTMENTS AND  PLAYGROUND,Lynn,2021/6/2,
6b24d5d9352bc6e6950a44f92c04d4c4,PARCELNAME,OCEAN BAY APARTS. AND  PLAYGROUND,OCEAN BAY APARTMENTS AND  PLAYGROUND,Lynn,2021/6/2,
50b5ecebcecbfe96633a5bdd74791794,PARCELNAME,OFF STREET PARKING FOR 32PRECINCT,OFF STREET PARKING FOR 32 PRECINCT,Lynn,2021/6/2,
d59e2974ef1cef0f7c4e29dcaa712b5a,PARCELNAME,OFF STREET PARKING FOR 75PRECINCT,OFF STREET PARKING FOR 75 PRECINCT,Lynn,2021/6/2,
dd80fc98d7f680cee9fe061e6ede2d23,PARCELNAME,OFF STREET PARKING FOR 75PRECINCT,OFF STREET PARKING FOR 75 PRECINCT,Lynn,2021/6/2,
7d972371e715b94cb6103106d84f07c1,PARCELNAME,OFF STREET PARKING FOR 75PRECINCT,OFF STREET PARKING FOR 75 PRECINCT,Lynn,2021/6/2,
98af3af3d032e4b2765ec7427fd51443,PARCELNAME,OFF STREET PARKING FOR 75PRECINCT,OFF STREET PARKING FOR 75 PRECINCT,Lynn,2021/6/2,
bff1a7be6b382d6ac44c09f81658901a,PARCELNAME,OLD 73PRECINCT OFF STREET PARKING,OLD 73 PRECINCT OFF STREET PARKING,Lynn,2021/6/2,
43605990dd67d52a349019355fbe346e,PARCELNAME,OLD 83PRECINCT OFF STREET PARKING,OLD 83 PRECINCT OFF STREET PARKING,Lynn,2021/6/2,
f0a0546982e3756086dce3914fd4aff7,PARCELNAME,OLD 83PRECINCT OFF STREET PARKING,OLD 83 PRECINCT OFF STREET PARKING,Lynn,2021/6/2,
c2649d085a907a3dbd158e34a6ccc51d,PARCELNAME,OLD 83PRECINCT OFF STREET PARKING,OLD 83 PRECINCT OFF STREET PARKING,Lynn,2021/6/2,
99498243740123bab98da6e4ac2c870a,PARCELNAME,OLD 83PRECINCT OFF STREET PARKING,OLD 83 PRECINCT OFF STREET PARKING,Lynn,2021/6/2,
6c19e903c73e33fbc786d3f4e844a6d6,PARCELNAME,OLD 83PRECINCT OFF STREET PARKING,OLD 83 PRECINCT OFF STREET PARKING,Lynn,2021/6/2,
3acf6846f08e22a79ca2df5da73bd231,PARCELNAME,OLD 83PRECINCT OFF STREET PARKING,OLD 83 PRECINCT OFF STREET PARKING,Lynn,2021/6/2,
82f213301dbf1a70d841b5db6fcaaf31,PARCELNAME,OLD 83PRECINCT OFF STREET PARKING,OLD 83 PRECINCT OFF STREET PARKING,Lynn,2021/6/2,
076cae869aa5c7bb85bf480568654da7,PARCELNAME,OLD 83PRECINCT OFF STREET PARKING,OLD 83 PRECINCT OFF STREET PARKING,Lynn,2021/6/2,
051312609854f26faf43a9d394780511,PARCELNAME,OLD 83PRECINCT OFF STREET PARKING,OLD 83 PRECINCT OFF STREET PARKING,Lynn,2021/6/2,
92c927b2853ca8a1aff4c7d49f5f846d,PARCELNAME,OLD 83PRECINCT OFF STREET PARKING,OLD 83 PRECINCT OFF STREET PARKING,Lynn,2021/6/2,
81f02c2b9604849037089b0e0ba2c95f,PARCELNAME,OLD 83PRECINCT OFF STREET PARKING,OLD 83 PRECINCT OFF STREET PARKING,Lynn,2021/6/2,
dce65ae34bb09c1239f8fdb41add098d,PARCELNAME,OLD 83PRECINCT OFF STREET PARKING,OLD 83 PRECINCT OFF STREET PARKING,Lynn,2021/6/2,
6d241bc8ce0e7c7514dbf12aeee9c3bf,PARCELNAME,OLD 83PRECINCT OFF STREET PARKING,OLD 83 PRECINCT OFF STREET PARKING,Lynn,2021/6/2,
92af2a1c1118e0a1f31f458e8fb56994,PARCELNAME,OLD 83PRECINCT OFF STREET PARKING,OLD 83 PRECINCT OFF STREET PARKING,Lynn,2021/6/2,
a2f12ca08a46dca4ae08f276a96b9d29,PARCELNAME,P.D. 105TH PRECINCT STATION HOUSE,NYPD 105TH PRECINCT STATION HOUSE,Lynn,2021/6/2,
9961f1f465127e63559fba9aa0a78d51,PARCELNAME,P.D. 106TH PRECINCT STATION HOUSE,NYPD 106TH PRECINCT STATION HOUSE,Lynn,2021/6/2,
8fb0fc17c54af050f836cf08ab7a18d8,PARCELNAME,P.D. 109TH PRECINCT STATION HOUSE,NYPD 109TH PRECINCT STATION HOUSE,Lynn,2021/6/2,
5e2d354b189d56a640040845de86000c,PARCELNAME,P.D. 110TH PRECINCT STATION HOUSE,NYPD 110TH PRECINCT STATION HOUSE,Lynn,2021/6/2,
2076841dbc9f84782432df633b03eb7a,PARCELNAME,P.D. 111TH PRECINCT STATION HOUSE,NYPD 111TH PRECINCT STATION HOUSE,Lynn,2021/6/2,
1f475244284ece11a6d9f383f541551b,PARCELNAME,P.D. 113TH PRECINCT STATION HOUSE,NYPD 113TH PRECINCT STATION HOUSE,Lynn,2021/6/2,
d3b304cb64ef863c56faa5a22090cd3b,PARCELNAME,P.D. 76TH PRECINCT STATION HOUSE,NYPD 76TH PRECINCT STATION HOUSE,Lynn,2021/6/2,
314656a16a9f9bdcd73399d7e324462b,PARCELNAME,PARKING FOR 75PRECINCT PERSONNEL,PARKING FOR 75 PRECINCT PERSONNEL,Lynn,2021/6/2,
59ca931a6e314031cb9e17bcaa95a860,PARCELNAME,PAUL ROBESON HS OF BUS AND TECH,PAUL ROBESON HS OF BUSINESS AND TECHNOLOGY,Lynn,2021/6/2,
65b0c2eaa987fd30b31df5228f164658,PARCELNAME,PFC THOMAS NORTON MEN PLAYGROUND,PFC THOMAS NORTON MEMORIAL PLAYGROUND,Lynn,2021/6/2,
9c633d7c212afaac2ec4d888f012e82f,PARCELNAME,PIER BEACH CHNL DR AND B 87 ST,PIER BEACH CHANNEL DRIVE AND BEACH 87 ST,Lynn,2021/6/2,
1e70ed9909afd4b904fda127e3bd1e72,PARCELNAME,PIERS 1 2 AND 3,"PIERS 1, 2 AND 3",Lynn,2021/6/2,
86bcebf83d34dfb206e00758ae532041,PARCELNAME,PLAYGROUND A STEVNSON HS/SE BRONX HS,PLAYGROUND A STEVENSON HS/SE BRONX HS,Lynn,2021/6/2,
d4ff9e47dcd16339611a32a5b4128db2,PARCELNAME,PORT RICHMOND HS AND AF,PORT RICHMOND HS AND ATHLETIC FIELD,Lynn,2021/6/2,
06c9e746362b99eabbdcec6ac2b42ea7,PARCELNAME,PS 1 AND A.L. SMITH HS PLAYGROUND,PS 1 AND AL SMITH HS PLAYGROUND,Lynn,2021/6/2,
6a1b125cf1e9ce8bb73c0469127662fd,PARCELNAME,PS 109 AND PLAYGROUND/MINI SCHL,PS 109 AND PLAYGROUND/MINI SCHOOL,Lynn,2021/6/2,
d1d7f4dadbb59da32c768a6903a05d08,PARCELNAME,PS 128 PLAYGROUND AND MINI-SCHL JOP,PS 128 PLAYGROUND AND MINI-SCHOOL JOP,Lynn,2021/6/2,
d2177ebefa9709db4dc3b18b8974d6c4,PARCELNAME,PS 128 PLAYGROUND AND MINI-SCHL JOP,PS 128 PLAYGROUND AND MINI-SCHOOL JOP,Lynn,2021/6/2,
207964256638b620ecf9fea6bebb8c1a,PARCELNAME,PS 155 AND PLAYGROUND.(JOP),PS 155 AND PLAYGROUND (JOP),Lynn,2021/6/2,
1014029861c43f44c0ec68df894b5fdf,PARCELNAME,PS 18 PLAYGROUND PARK.(JOP),PS 18 PLAYGROUND PARK (JOP),Lynn,2021/6/2,
24ed89d88f6c3b86d519796588626b73,PARCELNAME,PS 18 PLAYGROUND PARK.(JOP),PS 18 PLAYGROUND PARK (JOP),Lynn,2021/6/2,
0420fd6cd6b8ffffd6ceaf119c85a7b7,PARCELNAME,PS 189 AND PS 189 MINI SCHL&PLAYGROUND,PS 189 AND PS 189 MINI SCHOOL AND PLAYGROUND,Lynn,2021/6/2,
c19d8e0b1441a0e1eedb593feff89cdb,PARCELNAME,PS 213 AND PLAYGROUND MINI-SCH PLYGD,PS 213 AND PLAYGROUND MINI-SCHOOL PLAYGROUND,Lynn,2021/6/2,
de7fa38f993c3b3655b5576d6653edfb,PARCELNAME,PS 213 AND PLAYGROUND MINI-SCH PLYGD,PS 213 AND PLAYGROUND MINI-SCHOOL PLAYGROUND,Lynn,2021/6/2,
b45283e3fd2c56f08e3859cd5242ed31,PARCELNAME,PS 214 AND PLYGROUND,PS 214 AND PLAYGROUND,Lynn,2021/6/2,
e919d15d0efe9811e0fcfcd904328e30,PARCELNAME,PS 214 AND PLYGROUND,PS 214 AND PLAYGROUND,Lynn,2021/6/2,
8a8de722a5dc97760038c5c80d2b36f1,PARCELNAME,PS 219 AND PLYGROUND,PS 219 AND PLAYGROUND,Lynn,2021/6/2,
bac9754e8a1579b55bf2405575c97182,PARCELNAME,PS 219 AND PLYGROUND,PS 219 AND PLAYGROUND,Lynn,2021/6/2,
7f6ec2c7f1b46d1935df4cecbf42b7e8,PARCELNAME,PS 256  AND PLAYGROUND.(JOP),PS 256  AND PLAYGROUND (JOP),Lynn,2021/6/2,
8947b29ff208c090641c067585a244d8,PARCELNAME,PS 256  AND PLAYGROUND.(JOP),PS 256  AND PLAYGROUND (JOP),Lynn,2021/6/2,
5fac028dc4766483650773842c863aff,PARCELNAME,PS 274  MINI SCHL AND PLAYGROUND,PS 274  MINI SCHOOLOOL AND PLAYGROUND,Lynn,2021/6/2,
e1043fae4ee074abafd13f28de70c680,PARCELNAME,PS 274  MINI SCHL AND PLAYGROUND,PS 274  MINI SCHOOLOOL AND PLAYGROUND,Lynn,2021/6/2,
147e4f140b1c0118439e069a484201bd,PARCELNAME,PS 28 PLAYGROUND WRIGHT BROS PARK JOP,PS 28 PLAYGROUND WRIGHT BROTHERS PARK JOP,Lynn,2021/6/2,
b9b8ba6801ca7959f365352baa551f16,PARCELNAME,PS 28 PLAYGROUND WRIGHT BROS PARK JOP,PS 28 PLAYGROUND WRIGHT BROTHERS PARK JOP,Lynn,2021/6/2,
472534419d45293dbaf208d2a9e0a02a,PARCELNAME,PS 31. PLAYGROUND DAVIS PLYGD,PS 31. PLAYGROUND DAVIS PLAYGROUND,Lynn,2021/6/2,
e4d170d01a299f5bc019024c4f50524c,PARCELNAME,PS 31. PLAYGROUND DAVIS PLYGD,PS 31. PLAYGROUND DAVIS PLAYGROUND,Lynn,2021/6/2,
0916722098d2b379be2291dce5722cd0,PARCELNAME,PS 327/396 TANDEM SCH AND PGD(JOP),PS 327/396 TANDEM SCHOOL AND PLAYGROUND (JOP),Lynn,2021/6/2,
efa7f20cebac2bb4f3c0b57b91d4ef60,PARCELNAME,PS 327/396 TANDEM SCH AND PGD(JOP),PS 327/396 TANDEM SCHOOL AND PLAYGROUND (JOP),Lynn,2021/6/2,
36ca0f1bf0824cb3612070ef70b01c8f,PARCELNAME,PS 48 AND PLAYGROUND.(JOP),PS 48 AND PLAYGROUND (JOP),Lynn,2021/6/2,
d93d5f10788e8990e465b8e5ba8f85a8,PARCELNAME,PS 48 AND PLAYGROUND.(JOP),PS 48 AND PLAYGROUND (JOP),Lynn,2021/6/2,
aa4893aced51c221df9598480b516245,PARCELNAME,PS 48 AND PLAYGROUND.(JOP),PS 48 AND PLAYGROUND (JOP),Lynn,2021/6/2,
e09caeb08bbd43e12df2c8efa45e7624,PARCELNAME,PS 48 AND PLAYGROUND.(JOP),PS 48 AND PLAYGROUND (JOP),Lynn,2021/6/2,
0e079cbe92ad485e9ae94deff250b5f5,PARCELNAME,PS 51 A/K/A BRONX NEW SCL (X781),PS 51 A/K/A BRONX NEW SCHOOL (X781),Lynn,2021/6/2,
e6d40713bd8bc562db2de9460c53a658,PARCELNAME,PS 64 AND PLAYGROUND..(JOP),PS 64 AND PLAYGROUND (JOP),Lynn,2021/6/2,
f53cd0f204016f51ffb9b207c57423b6,PARCELNAME,PS 64 AND PLAYGROUND..(JOP),PS 64 AND PLAYGROUND (JOP),Lynn,2021/6/2,
ad0182ad90d8ebe876ec943bc04e2cca,PARCELNAME,PS 75 AND PLAYGROUND & MINI SCH,PS 75 AND PLAYGROUND & MINI SCHOOL,Lynn,2021/6/2,
ac40d31424c1fcf6a20fde05ad1672db,PARCELNAME,QUEENS EMPLOYMENT ELIGIBILITY CTR,QUEENS EMPLOYMENT ELIGIBILITY CENTER,Lynn,2021/6/2,
f598a53cd1d1d0853d1d8e543cebefd6,PARCELNAME,QUEENS MIDTOWN EXPWY/PARK STRIP,QUEENS MIDTOWN EXPRESSWAY/PARK STRIP,Lynn,2021/6/2,
4b2283a16678c3e071246c10e2c1e871,PARCELNAME,QUEENS MIDTOWN EXPWY/PARK STRIP,QUEENS MIDTOWN EXPRESSWAY/PARK STRIP,Lynn,2021/6/2,
e4b4626f29c2fcebe36bf35038ef35f0,PARCELNAME,QUEENS NO BORO REPAIR SHOP,QUEENS NORTH BORO REPAIR SHOP,Lynn,2021/6/2,
0797506aadef5e97f835d1565136fcc7,PARCELNAME,QUEENS. MIDTOWN EXPWY/PARK STRIP,QUEENS MIDTOWN EXPRESSWAY/PARK STRIP,Lynn,2021/6/2,
d9de2ca84b9ee14bd16281b42c2d32a9,PARCELNAME,QUEENSBRIDGE EARLY CHLDHD DEV CTR,QUEENSBRIDGE EARLY CHILDHOOD DEVELOPMENT CENTER,Lynn,2021/6/2,
9f94f695c31091983c5f08ad940d40fa,PARCELNAME,QUEENSBRIDGE SO.HOUSES AND PARKS,QUEENSBRIDGE SOUTH HOUSES AND PARKS,Lynn,2021/6/2,
f1b7bdddbb1b8be6c1a97b43237225c7,PARCELNAME,RECREATION CTR 54/GYM AND POOL,RECREATION CENTER 54/GYM AND POOL,Lynn,2021/6/2,
66a45e6f247b642534e80171a8896701,PARCELNAME,REID HOUSES/CHRSTPHR BLENMAN SC,REID HOUSES/CHRISTPHER BLENMAN SENIOR CENTER,Lynn,2021/6/2,
e8cfd9904ad6db35b693b5ea97c0761b,PARCELNAME,REV MATTHEW J CROSSON MEM PARK,REV MATTHEW J CROSSON MEMORIAL PARK,Lynn,2021/6/2,
4ca926f08742095795dbd294c9bd4323,PARCELNAME,RICHMOND TERR.HOUSES AND SENIOR CENTER,RICHMOND TERRACE HOUSES AND SENIOR CENTER,Lynn,2021/6/2,
b1626c635227d8d1f903b4701f953962,PARCELNAME,RICHMOND TERR.HOUSES AND SENIOR CENTER,RICHMOND TERRACE HOUSES AND SENIOR CENTER,Lynn,2021/6/2,
064ba81daed67e2cb245cba9fd83f849,PARCELNAME,RIVER CAFE/DIRCKSEN AND TALLEYR,RIVER CAFE/DIRCKSEN AND TALLEYRAND,Lynn,2021/6/2,
33d6e240e8dc29ce04bcb917d8ae1df4,PARCELNAME,RIVER CAFE/DIRCKSEN AND TALLEYR,RIVER CAFE/DIRCKSEN AND TALLEYRAND,Lynn,2021/6/2,
645a4afa3b5de52d3926ff40697ece85,PARCELNAME,RIVER CAFE/DIRCKSEN AND TALLEYR,RIVER CAFE/DIRCKSEN AND TALLEYRAND,Lynn,2021/6/2,
a8f510e24001e6627423a5f625cd3c07,PARCELNAME,RIVER CAFE/DIRCKSEN AND TALLEYR,RIVER CAFE/DIRCKSEN AND TALLEYRAND,Lynn,2021/6/2,
c70e21a11da63527aded6e874b3c7f36,PARCELNAME,ROY WILKINS SOUTHERN QUEENS.PARK,ROY WILKINS SOUTHERN QUEENS PARK,Lynn,2021/6/2,
bd8aa2429cfc87d05b102dcb3f4e60ec,PARCELNAME,ROY WILKINS-SOUTHERN QUEENS PARK,ROY WILKINS SOUTHERN QUEENS PARK,Lynn,2021/6/2,
e9b60494ea79748da8ce4e00f9ac7df5,PARCELNAME,ROY WILKINS-SOUTHERN QUEENS PARK,ROY WILKINS SOUTHERN QUEENS PARK,Lynn,2021/6/2,
31c4bc71e90f3c0ca8ce2fa59a6f5e4d,PARCELNAME,ROY WILKINS-SOUTHERN QUEENS. PARK,ROY WILKINS SOUTHERN QUEENS PARK,Lynn,2021/6/2,
94ef61ffd14f82525d21555f3b51b52c,PARCELNAME,ROY WILKINS-SOUTHERN QUEENS. PARK,ROY WILKINS SOUTHERN QUEENS PARK,Lynn,2021/6/2,
10417f7f74a87f5519604cbbcfa553c2,PARCELNAME,RUTH B. GINSBURG BROOKLYN MUNI BLDG,RUTH B. GINSBURG BROOKLYN MUNICIPAL BUILDING,Lynn,2021/6/2,
2132e96fee3dcc31bd967edeece17dd0,PARCELNAME,RUTH B. GINSBURG BROOKLYN MUNI BLDG,RUTH B. GINSBURG BROOKLYN MUNICIPAL BUILDING,Lynn,2021/6/2,
25ebffb844bdcb34a689abf68ac8aaa8,PARCELNAME,RUTH B. GINSBURG BROOKLYN MUNI BLDG,RUTH B. GINSBURG BROOKLYN MUNICIPAL BUILDING,Lynn,2021/6/2,
3c980b84c66900ec0c195933d620f914,PARCELNAME,RUTH B. GINSBURG BROOKLYN MUNI BLDG,RUTH B. GINSBURG BROOKLYN MUNICIPAL BUILDING,Lynn,2021/6/2,
3d381293fcba471c0b249f165fbe75d6,PARCELNAME,RUTH B. GINSBURG BROOKLYN MUNI BLDG,RUTH B. GINSBURG BROOKLYN MUNICIPAL BUILDING,Lynn,2021/6/2,
4daabeea77246341c151316ebc0167b0,PARCELNAME,RUTH B. GINSBURG BROOKLYN MUNI BLDG,RUTH B. GINSBURG BROOKLYN MUNICIPAL BUILDING,Lynn,2021/6/2,
52ce19f888ee2ca4b358be01590a2bb0,PARCELNAME,RUTH B. GINSBURG BROOKLYN MUNI BLDG,RUTH B. GINSBURG BROOKLYN MUNICIPAL BUILDING,Lynn,2021/6/2,
7e249e37521209fd5ebb52676a69daad,PARCELNAME,RUTH B. GINSBURG BROOKLYN MUNI BLDG,RUTH B. GINSBURG BROOKLYN MUNICIPAL BUILDING,Lynn,2021/6/2,
9124ef8fbfc074c41e4c5fecc78d74e7,PARCELNAME,RUTH B. GINSBURG BROOKLYN MUNI BLDG,RUTH B. GINSBURG BROOKLYN MUNICIPAL BUILDING,Lynn,2021/6/2,
df3a7f9febd806db5071c78b3e78332b,PARCELNAME,RUTH B. GINSBURG BROOKLYN MUNI BLDG,RUTH B. GINSBURG BROOKLYN MUNICIPAL BUILDING,Lynn,2021/6/2,
6d43c623b0096966fe2b9a651ea8c2f4,PARCELNAME,RUTH B. GINSBURG BROOKLYN MUNI BLDG,RUTH B. GINSBURG BROOKLYN MUNICIPAL BUILDING,Lynn,2021/6/2,
08be78bacc994dfdd1514fb830c8da8a,PARCELNAME,S BRONX MARINE TRANSFER STN/SALT,S BRONX MARINE TRANSFER STATION/SALT,Lynn,2021/6/2,
662863d022d8f5dfc239b9a22c8cf024,PARCELNAME,S BRONX MARINE TRANSFER STN/SALT,S BRONX MARINE TRANSFER STATION/SALT,Lynn,2021/6/2,
e928cb26655d7d25b50bb0eff9a8b125,PARCELNAME,S BRONX MARINE TRANSFER STN/SALT,S BRONX MARINE TRANSFER STATION/SALT,Lynn,2021/6/2,
7b13f595533278821eeeacddfbac36b7,PARCELNAME,S ST. CPORT/BURLING SLIP/PLAYGROUND,SOUTH STREET SEAPORT/BURLING SLIP/PLAYGROUND,Lynn,2021/6/2,
9340a0dca08bd971b8cee5730d5d2f7e,PARCELNAME,S ST. CPORT/BURLING SLIP/PLAYGROUND,SOUTH STREET SEAPORT/BURLING SLIP/PLAYGROUND,Lynn,2021/6/2,
d9f2243055d06b5bf380ed03ac7877fa,PARCELNAME,S ST. CPORT/BURLING SLIP/PLAYGROUND,SOUTH STREET SEAPORT/BURLING SLIP/PLAYGROUND,Lynn,2021/6/2,
2c1b2d6b7cb95f98475b38985ea27703,PARCELNAME,S ST. CPORT/BURLING SLIP/PLAYGROUND,SOUTH STREET SEAPORT/BURLING SLIP/PLAYGROUND,Lynn,2021/6/2,
69b25eaf6e84ecafdf8a6179b089bc96,PARCELNAME,S ST. CPORT/BURLING SLIP/PLAYGROUND,SOUTH STREET SEAPORT/BURLING SLIP/PLAYGROUND,Lynn,2021/6/2,
e08c4f8487985eabbc6a6da028d15f55,PARCELNAME,S ST. CPORT/BURLING SLIP/PLAYGROUND,SOUTH STREET SEAPORT/BURLING SLIP/PLAYGROUND,Lynn,2021/6/2,
21b5a3123a8b44d6fa6a2ab2a1383bc0,PARCELNAME,SAILOR'S SNUG HARBOR PARK ADDTN,SAILOR'S SNUG HARBOR PARK ADDITION,Lynn,2021/6/2,
d9aef07ba1022604f66907c7147991e8,PARCELNAME,SAILOR'S SNUG HARBOR PARK ADDTN,SAILOR'S SNUG HARBOR PARK ADDITION,Lynn,2021/6/2,
99ad46f60ca256ff958f6a1d898a6cdb,PARCELNAME,SAMUEL J. TILDEN HOUSES AND SC,SAMUEL J. TILDEN HOUSES AND SENIOR CENTER,Lynn,2021/6/2,
18150f226195fca71aadae402a44185e,PARCELNAME,SHEEPSD BAY HS AND ATHL FLD (JOP,SHEEPSHEAD BAY HS AND ATHLETIC FIELD (JOP),Lynn,2021/6/2,
939a9b134768bbb4963ae54fb60ec5d1,PARCELNAME,SHEEPSD BAY HS AND ATHL FLD (JOP,SHEEPSHEAD BAY HS AND ATHLETIC FIELD (JOP),Lynn,2021/6/2,
e852905e0d276dfd044e1c7dd51749e2,PARCELNAME,SMITH ST SUBSTATION AND ROW F,SMITH ST SUBSTATION AND RIGHT OF WAY F,Lynn,2021/6/2,
34f9b556dfe5a2540a4be9af9e070cae,PARCELNAME,SPRINGFIELD GARDEN HS AND AF,SPRINGFIELD GARDEN HS AND ATHLETIC FIELD,Lynn,2021/6/2,
bc4d5f2d415ff634ecbf5f1d24e0f009,PARCELNAME,STATEN ISLAND BWSO WATER MAINT YARD,STATEN ISLAND BWSO WATER MAINTENANCE YARD,Lynn,2021/6/2,
e55771a89262a614d4771cc403159e52,PARCELNAME,STATEN ISLAND TECH HS AND AF,STATEN ISLAND TECH HS AND ATHLETIC FIELD,Lynn,2021/6/2,
9e60625d8f8045e761de5b348587f938,PARCELNAME,STERLING REHAB (ST JOHNS-STRLNG,STERLING REHAB (ST JOHNS-STERLING),Lynn,2021/6/2,
a19fc6e80abe3dfd12e16cfc2f18293f,PARCELNAME,STERLING REHAB (STERL-BUFFALO),STERLING REHAB (STERLING-BUFFALO),Lynn,2021/6/2,
d8117c0a657e3ba80002ce284e8d8eda,PARCELNAME,STERLING REHAB (STERL-BUFFLO),STERLING REHAB (STERLING-BUFFALO),Lynn,2021/6/2,
68858e61a6027452608f85ff706479e0,PARCELNAME,STERLING REHAB (STERLIN-BUFFALO,STERLING REHAB (ST JOHNS-STERLING),Lynn,2021/6/2,
c0e66ab8774894c18ff6d777d2aeccc9,PARCELNAME,STERLING REHAB (STERLIN-BUFFALO,STERLING REHAB (ST JOHNS-STERLING),Lynn,2021/6/2,
6a86c0e8d2f95f063455c6e4115c9475,PARCELNAME,STERLING REHAB (STJOHNS-STERLIN,STERLING REHAB (ST JOHNS-STERLING),Lynn,2021/6/2,
6f0a9b28474d005bea24ed649fc483f9,PARCELNAME,STERLING REHAB (STJOHNS-STERLIN,STERLING REHAB (ST JOHNS-STERLING),Lynn,2021/6/2,
f82ebac3b170fd78e5e7f2db03ec54f0,PARCELNAME,STERLING REHAB (STJOHNS-STERLIN,STERLING REHAB (ST JOHNS-STERLING),Lynn,2021/6/2,
6cd457deffff23d020eed5ac1bd6c0d6,PARCELNAME,STERLING REHAB (STRLING-BUFFALO,STERLING REHAB (STERLING-BUFFALO),Lynn,2021/6/2,
d049897782543d923b219ed815d8b11d,PARCELNAME,STERLING REHAB (STRLING-BUFFALO,STERLING REHAB (STERLING-BUFFALO),Lynn,2021/6/2,
8f46969262eeb1b586fc8ef0081a18b2,PARCELNAME,SUTTER AVENUE - UNIONS ST,SUTTER AVENUE - UNION ST,Lynn,2021/6/2,
96f8f1f56b1922638eca1d0b0c562ed3,PARCELNAME,SUTTER AVENUE - UNIONS ST,SUTTER AVENUE - UNION ST,Lynn,2021/6/2,
11a3cbb4daa7065c04e3125af9394372,PARCELNAME,T.ROOSEVELT PARK AND MUS NAT HIS,T. ROOSEVELT PARK AND MUSEUM OF NATURAL HISTORY,Lynn,2021/6/2,
458f5c036b88ed0db2803730959d4af2,PARCELNAME,T.ROOSEVELT PARK AND MUS NAT HIS,T. ROOSEVELT PARK AND MUSEUM OF NATURAL HISTORY,Lynn,2021/6/2,
0809fe9aa1d009e02fd815e27c623f1b,PARCELNAME,THE BROOKLYN BEARS/CARLTON AVENUE GD,THE BROOKLYN BEARS/CARLTON AVENUE GARDEN,Lynn,2021/6/2,
6f7bee60695549f3087995eeef52a685,PARCELNAME,THE BROOKLYN BEARS/CARLTON AVENUE GD,THE BROOKLYN BEARS/CARLTON AVENUE GARDEN,Lynn,2021/6/2,
837f66aba56490d2eb74cf58383214ec,PARCELNAME,TOTTENVILLE HS AND AF,TOTTENVILLE HS AND ATHLETIC FIELD,Lynn,2021/6/2,
8a7eab1a5bbf404f6a28774ede31971e,PARCELNAME,TOTTENVILLE HS AND AF,TOTTENVILLE HS AND ATHLETIC FIELD,Lynn,2021/6/2,
174ca5c80e7a04307e8165650d2068c4,PARCELNAME,TREMONT HLTH CENTER AND PARK STP,TREMONT HEALTH CENTER AND PARK STRIP,Lynn,2021/6/2,
1123184b110945ff0b6c6975ac2d67e4,PARCELNAME,TRIANGLE BTWN 75TH AVENUE  112ST,TRIANGLE BETWEEN 75TH AVENUE  112ST,Lynn,2021/6/2,
dd3841a2cf815358f6d564e1ce586e0c,PARCELNAME,UNITY PLAZA SITES 17  24 AND 25A,"UNITY PLAZA SITES 17, 24 AND 25A",Lynn,2021/6/2,
293315120a5c384dd063dadf08740f23,PARCELNAME,UNITY PLAZA SITES 17  24 AND 25A,"UNITY PLAZA SITES 17, 24 AND 25A",Lynn,2021/6/2,
544ad2e8b646dff98fe01936f22d99b3,PARCELNAME,VAN DYKE HOUSES I AND II PLAYGROUND SC,VAN DYKE HOUSES I AND II PLAYGROUND SENIOR CENTER,Lynn,2021/6/2,
9afe706113a75ec15f9659cd54088bd4,PARCELNAME,VAN DYKE HOUSES I AND II PLAYGROUND SC,VAN DYKE HOUSES I AND II PLAYGROUND SENIOR CENTER,Lynn,2021/6/2,
7aa5fc6b9cabcb266b9479517420127f,PARCELNAME,VERNON T AND T BLOCK ASSOC GARDEN,VERNON T AND T BLOCK ASSOCIATION GARDEN,Lynn,2021/6/2,
de0319c90c86670fbbe5c5c581a9dce4,PARCELNAME,VERNON T AND T BLOCK ASSOC. GARDEN,VERNON T AND T BLOCK ASSOCIATION GARDEN,Lynn,2021/6/2,
de591b289ceef0b1d05c9e69daa70774,PARCELNAME,VERNON T AND T BLOCK ASSOC.GARDEN,VERNON T AND T BLOCK ASSOCIATION GARDEN,Lynn,2021/6/2,
87968ed0b32206a248db64298457afa2,PARCELNAME,W. BRIGHTON I AND II HOUSES & SC,W. BRIGHTON I AND II HOUSES & SENIOR CENTER,Lynn,2021/6/2,
0efee812ab966bf832e6dcdee7b7a198,PARCELNAME,WASHINGTON HGHTS (GPP 1 AND 2),WASHINGTON HEIGHTS (GPP 1 AND 2),Lynn,2021/6/2,
912302be8ca6cd8c319fe0f77aea235f,PARCELNAME,WASHINGTON HGHTS (GRP 1 AND 2),WASHINGTON HEIGHTS (GPP 1 AND 2),Lynn,2021/6/2,
62aa2237d9546ec40413bd113c5932e4,PARCELNAME,WASHINGTON HGHTS (GRP 1 AND 2),WASHINGTON HEIGHTS (GPP 1 AND 2),Lynn,2021/6/2,
394b41b2ddd5979ef38edfa35666b69f,PARCELNAME,WASHINGTON HGHTS (GRP 1 AND 2),WASHINGTON HEIGHTS (GPP 1 AND 2),Lynn,2021/6/2,
c6cd31304d70be0103c354ae7f860f85,PARCELNAME,WASHINGTON HGHTS (GRP 1 AND 2),WASHINGTON HEIGHTS (GPP 1 AND 2),Lynn,2021/6/2,
25a7fe0dac637529fb6110ae7a69d953,PARCELNAME,WC BRYANT HS AND ATHLETIC FLD,WC BRYANT HS AND ATHLETIC FIELD,Lynn,2021/6/2,
58d9740353f040c699e60be3815ef6f1,PARCELNAME,WILL WASHINGTON MEMORIAL GARDEN,WILLIAM WASHINGTON MEMORIAL GARDEN,Lynn,2021/6/2,
97abe7033805ed097ddc83d354f56142,PARCELNAME,WILL WASHINGTON MEMORIAL GARDEN,WILLIAM WASHINGTON MEMORIAL GARDEN,Lynn,2021/6/2,
f80f10a7c165d2af57a7bb92fef8983b,PARCELNAME,WILL WASHINGTON MEMORIAL GARDEN,WILLIAM WASHINGTON MEMORIAL GARDEN,Lynn,2021/6/2,
8529ef8fb38354500326c7973cfafdcf,SNAME,FREDERICK DOUGLASS BOULE,FREDERICK DOUGLASS BOULEVARD,Lynn,2021/6/2,
b727682281e0b5faa1b91bc85f5704a3,SNAME,FREDERICK DOUGLASS BOULE,FREDERICK DOUGLASS BOULEVARD,Lynn,2021/6/2,
281f0203fe67852b65a6d5df570ed034,SNAME,JENNINGS AVENUE,JENNINGS STREET,Lynn,2021/6/2,
594ac2fcfcc22966a5dcb3794f3531d5,SNAME,FLATBUSH AVENUE EXTENSIO,FLATBUSH AVENUE EXTENSION,Lynn,2021/6/2,
6c43b536d561ad0ae894bbc856087b55,SNAME,FLATBUSH AVENUE EXTENSIO,FLATBUSH AVENUE EXTENSION,Lynn,2021/6/2,
a5349ed511f242742677a61752711b12,SNAME,DEBEVOISE AVE-BLDG 2-DRES,DEBEVOISE AVENUE,Lynn,2021/6/2,
6c90958f576111ede13398bd3d2d000c,SNAME,FOREST STREET,FORREST STREET,Lynn,2021/6/2,
31efaf84b32f26f9a6414bac81299628,SNAME,VAN SICKLEN AVENUE,VAN SICLEN AVENUE,Lynn,2021/6/2,
0420fd6cd6b8ffffd6ceaf119c85a7b7,SNAME,EAST NORTH Y AVENUE,EAST NEW YORK AVENUE,Lynn,2021/6/2,
3fe2702103f8b50295593ed3160e54e7,SNAME,AVENUE B & EAST   93 STREET,AVENUE B,Lynn,2021/6/2,
73ff3b0187ce96f1493ddb8a3b886217,SNAME,MALBOROUGH ROAD,MARLBOROUGH ROAD,Lynn,2021/6/2,
043966f2e904eb472d847eb105327939,SNAME,2 O AVENUE,20 AVENUE,Lynn,2021/6/2,
c3bde8883dceaa23c43f832282fe9a10,SNAME,EAST    1 O STREET,E 10 STREET,Lynn,2021/6/2,
8f38a20bfd241e2e3403e8ecfbda5a35,SNAME,AVENUE P WEST    1 STREET,AVENUE P,Lynn,2021/6/2,
feb80b1750fe778dd76bbf2c22b991b7,SNAME,ORIENTAL BLVD RM C-124,ORIENTAL BOULEVARD,Lynn,2021/6/2,
3945668f71a8d4c43ca9b63ba7c3e212,SNAME,ORIENTAL BLVD RM C-124,ORIENTAL BOULEVARD,Lynn,2021/6/2,
a81357dfabe4ea3b656c8f769578afe9,SNAME,ORIENTAL BLVD RM C-124,ORIENTAL BOULEVARD,Lynn,2021/6/2,
60598a5f36bddfc33a12a84b9c142e0d,SNAME,DITMARS BOULEVA,DITMARS BOULEVARD,Lynn,2021/6/2,